id,email,password,created_at,name,blood_type
6,s@gmail.com,$2b$10$KBn7midVKg8gJD0qj042kOVllrYvUo.ILDbnSLghVFcqONRkPIcxK,2025-07-21 19:53:14.927806,saaaaaaa,A+
5,t@gmail.com,$2b$10$61imgbz2LWnaV2YZy847B.R62agVHqa5vwD6O.jJQFdSR9fKZS0ay,2025-07-20 19:16:39.513157,Temp,O+
4,c@gmail.com,"",2025-07-19 20:10:01.56908,Cars,
9,rithushi@gmail.com,$2b$10$T9jgJC9bYRMCxoDWr6lgPeFddxo.4DiGfPrYvsQBtZMk7rUCEZdCS,2025-07-29 09:01:10.156866,Rithushi,O+
10,ss@gmail.com,$2b$10$pgF8/SfA911vyZLyvg09LONYZMTRQt4kdqKTwwdGx6o4ETFehw3wG,2025-07-29 09:34:26.624581,SS,O+
11,aaaa@aa,$2b$10$ocCGnrA83WJ4JECw8WkEWOfHAnq5xgXUKx/NsjWK9qpNJr8iwHXLu,2025-08-12 02:36:52.764417,aaaaa,A+
14,john.smith@email.com,hashed_password,2025-08-19 02:15:19.446509,John Smith,A+
15,jane.doe@email.com,hashed_password,2025-08-19 02:15:19.446509,Jane Doe,B+
16,mike.johnson@email.com,hashed_password,2025-08-19 02:15:19.446509,Mike Johnson,O+
17,sarah.wilson@email.com,hashed_password,2025-08-19 02:15:19.446509,Sarah Wilson,AB+
18,david.brown@email.com,hashed_password,2025-08-19 02:15:19.446509,David Brown,A-
19,lisa.davis@email.com,hashed_password,2025-08-19 02:15:19.446509,Lisa Davis,B-
20,tom.miller@email.com,hashed_password,2025-08-19 02:15:19.446509,Tom Miller,O-
21,anna.garcia@email.com,hashed_password,2025-08-19 02:15:19.446509,Anna Garcia,AB-
22,chris.martinez@email.com,hashed_password,2025-08-19 02:15:19.446509,Chris Martinez,A+
23,emma.rodriguez@email.com,hashed_password,2025-08-19 02:15:19.446509,Emma Rodriguez,O+
1,a@gmail.com,$2b$10$p64A/spf5eM29WrrOOKhp.A1yaiP8SsOQQ58Zy0LrZ5dYrcrUdJQG,2025-07-16 09:53:03.070231,Afzal,A+
2,aa@gmail.com,$2b$10$xOri9JVRbx9KhW/xmXfsgO7s9F9Z.b8Clb1GmlFsHamEyIR9zgk5m,2025-07-16 21:04:03.031276,Althaf,B+
3,d@gmail.com,"",2025-07-17 16:31:37.507,Donkey,O-
13,avc@lk.lk,$2b$10$CYajhKjB7/xG1ndoAD17MepmN6ksgHaAuHjqD9WnWXzROWYYw7DWe,2025-08-18 22:55:26.140787,hello,A+
